ID,alcohol_use_ok,birthdate,desired_host_type,education,employment,gender,guest_in_relationship,guest_is_parent,indoor_smoking_ok,language,mail,name,number_of_guests,pets,pets_not_ok,phone,substance_use_ok
0,1,1995-04-28,full,Prepare crime discussion course where.,"Lighting technician, broadcasting/film/video",female,0,1,0,"['English', 5]",Mark.Compton@gmail.com,Mark Compton,1,[],['cat'],001-068-349-4137,1
1,1,2000-02-04,full,Even significant energy tax determine sometimes.,"Scientist, research (life sciences)",male,0,0,1,['English'],Xavier.Lambert@gmail.com,Xavier Lambert,1,[],['cat'],+1-448-220-2825,0
2,1,1998-11-22,full,Might hour during send open may while relationship.,Interpreter,transgender,0,0,1,['English'],Calvin.Martin@gmail.com,Calvin Martin,1,[],[],507-040-2751,1
3,1,1996-05-27,full,Laugh notice difficult bag authority.,Operations geologist,male,0,1,0,"['English', 17]",Matthew.Werner@gmail.com,Matthew Werner,1,[],"['dog', 'reptile']",034-839-6341,1
4,1,1994-06-10,full,Network here can enter nearly skin defense.,Fish farm manager,female,1,1,0,"['English', 12]",Oscar.Randolph@gmail.com,Oscar Randolph,1,[],['reptile'],881.676.3409x921,1
5,1,1997-03-10,full,Show sister good organization share information community.,Personnel officer,male,0,0,0,['English'],Leah.Johnson@gmail.com,Leah Johnson,1,[],[],+1-029-453-6151x854,1
6,1,1998-07-29,full,Condition answer customer education positive leg.,Health physicist,female,0,0,0,[16],Eric.Ramsey@gmail.com,Eric Ramsey,1,"['other', 'fish']",[],031-195-3476x95513,0
7,1,1995-12-24,full,Mr order already.,Psychiatric nurse,male,0,1,1,"['English', 21]",Troy.Byrd@gmail.com,Troy Byrd,1,[],[],8089111303,1
8,0,1997-12-08,full,Several toward reveal message necessary beyond smile.,"Pilot, airline",female,0,1,1,"['English', 12]",Beverly.Barnett@gmail.com,Beverly Barnett,2,[],[],980.553.9770,1
9,1,2000-07-20,full,Usually win also contain.,Civil Service fast streamer,transgender,1,0,1,['English'],Vincent.Bentley@gmail.com,Vincent Bentley,2,[],[],687-973-5041,0
10,1,1999-03-10,full,You such city tree series reason.,"Psychologist, sport and exercise",male,0,0,0,[28],Benjamin.Mitchell@gmail.com,Benjamin Mitchell,1,[],[],001-691-047-0127x94982,1
11,1,2001-12-08,full,Impact green follow agree not concern.,Early years teacher,male,0,0,0,"['English', 15]",Jim.Gregory@gmail.com,Jim Gregory,2,"['reptile', 'dog']",[],249-475-9596x791,1
12,1,1998-02-11,full,Similar difference people north.,"Designer, blown glass/stained glass",female,0,0,1,"['English', 30]",Tracy.Johnson@gmail.com,Tracy Johnson,1,"['bird', 'other', 'dog']",[],856.238.6466x98410,1
13,1,1999-11-08,full,Subject give here point floor bar police.,Sports development officer,male,1,0,1,['English'],Brandon.Jennings@gmail.com,Brandon Jennings,1,"['reptile', 'dog', 'other']",[],+1-604-372-4115,1
14,1,2000-01-05,respite,Hotel church send treat meet.,Forensic scientist,male,1,0,0,['English'],Angela.Carter.DDS@gmail.com,Angela Carter DDS,1,[],[],995.089.5756x299,1
15,1,1999-08-23,full,Scene wind wide reveal kitchen.,Music therapist,female,0,0,1,['English'],Leslie.Ryan@gmail.com,Leslie Ryan,1,[],[],+1-518-589-0042x45102,1
16,0,1999-12-01,full,Wide group word.,Surgeon,male,0,0,1,['English'],Ashley.Moore@gmail.com,Ashley Moore,1,[],[],(666)208-3786x46445,1
17,1,1995-07-05,full,Employee once ball environmental scientist paper.,Equality and diversity officer,male,0,0,0,"['English', 25]",Kristi.Barber@gmail.com,Kristi Barber,1,['dog'],[],749.291.5160x34736,1
18,1,2000-11-30,full,Finish nothing themselves detail.,Ecologist,male,0,1,0,"['English', 25]",Teresa.Dixon@gmail.com,Teresa Dixon,1,[],['reptile'],001-271-080-2835x847,1
19,1,1998-01-18,respite,Response follow property sign dinner ago.,Legal secretary,female,0,0,1,"['English', 21]",James.Thomas@gmail.com,James Thomas,1,[],[],645-351-3715,1
20,1,2001-11-03,full,Strategy whether else almost.,Broadcast engineer,female,0,0,0,"['English', 3]",Amy.Reynolds@gmail.com,Amy Reynolds,1,[],[],5354651724,0
21,1,1999-08-10,full,Phone play memory beautiful value fine here child.,Neurosurgeon,female,1,0,0,"['English', 11]",Mark.Copeland@gmail.com,Mark Copeland,1,[],[],405-746-2377,1
22,1,2001-04-08,full,In any resource one candidate growth community sound.,Chartered public finance accountant,male,1,1,1,['English'],Sylvia.Moore@gmail.com,Sylvia Moore,3,[],[],411-881-9187,0
23,1,1994-10-25,full,Pick control day black approach report individual.,Purchasing manager,male,0,0,0,['English'],Pamela.Thompson@gmail.com,Pamela Thompson,1,[],['dog'],490-708-6336,1
24,1,1997-09-12,respite,Reach threat character campaign throughout.,Learning mentor,female,0,1,0,['English'],Derrick.Snyder@gmail.com,Derrick Snyder,2,[],[],001-422-247-9261x607,1
25,1,1994-07-27,full,Statement describe may media sit college something.,"Chemist, analytical",male,1,1,0,[7],James.Adams@gmail.com,James Adams,1,['cat'],[],(935)146-2333,1
26,0,1996-04-10,full,Respond listen accept now cup.,"Engineer, petroleum",male,0,0,1,[0],Maria.Jones@gmail.com,Maria Jones,1,['other'],[],001-664-428-0935,0
27,1,1997-04-19,full,Leader each shake act strong.,Clinical biochemist,transgender,1,0,0,['English'],Chad.White@gmail.com,Chad White,2,[],[],5868702892,1
28,1,1999-11-24,full,Tough score section type.,Landscape architect,male,0,0,0,['English'],Deborah.Boyd@gmail.com,Deborah Boyd,1,[],[],+1-084-357-5191x9015,1
29,0,1999-08-04,full,Her strategy reach down citizen general anyone.,"Therapist, speech and language",nonbinary,0,0,0,['English'],Maxwell.Johnson@gmail.com,Maxwell Johnson,2,"['cat', 'dog', 'other', 'reptile']",[],001-528-293-7234x08883,1
30,0,1995-06-04,full,Learn hard east age professional nation.,Herpetologist,male,0,0,0,['English'],Kenneth.Huerta@gmail.com,Kenneth Huerta,1,[],[],9113460598,0
31,1,2000-09-02,full,Operation language role explain probably.,Newspaper journalist,female,0,0,1,"['English', 36]",Michael.Ellis@gmail.com,Michael Ellis,2,[],['reptile'],392-301-8620,0
32,1,1996-12-18,full,Student factor hope discuss.,"Runner, broadcasting/film/video",male,1,1,0,"['English', 15]",Austin.Warren@gmail.com,Austin Warren,1,[],[],000-202-7652x17438,0
33,1,1996-03-20,full,Smile wind despite man key pay.,Water engineer,male,0,0,0,['English'],Jimmy.Ross@gmail.com,Jimmy Ross,1,[],[],001-453-459-8392x390,1
34,1,2001-09-26,respite,Center three group sit inside anything.,Occupational psychologist,male,1,0,1,"['English', 23]",Karen.Harvey@gmail.com,Karen Harvey,1,[],[],691.152.8862x04877,1
35,0,1998-04-01,full,Goal sort race firm statement ask middle choose.,Graphic designer,male,0,0,1,[13],Laura.Moses@gmail.com,Laura Moses,1,[],[],674-375-5539x373,1
36,1,1994-08-23,respite,Strong ground skin big top however mother.,Forensic scientist,female,0,0,1,"['English', 27]",Christopher.Sanchez@gmail.com,Christopher Sanchez,1,[],['cat'],567.874.6018x311,1
37,0,1996-06-01,full,Case wonder firm capital win.,Tour manager,male,0,0,0,['English'],Jeffrey.Rivera@gmail.com,Jeffrey Rivera,1,"['cat', 'bird', 'fish']",[],643.961.2792x69494,1
38,1,1995-03-01,full,Ball son she treatment represent.,Broadcast engineer,male,0,1,0,"['English', 16]",Alexander.Chavez@gmail.com,Alexander Chavez,1,['cat'],[],220-085-3604x045,1
39,1,2001-01-26,full,Whether human thing around write hundred four.,Corporate treasurer,male,1,0,0,['English'],William.Allen@gmail.com,William Allen,1,[],['dog'],5170975621,0
40,1,1999-05-07,full,Along process very.,Early years teacher,female,0,0,1,['English'],Kristen.Black@gmail.com,Kristen Black,1,[],[],745.196.4014x32570,1
41,0,1995-06-30,respite,Turn she guy note race main ready.,Product designer,male,0,0,1,[8],Patrick.Guzman@gmail.com,Patrick Guzman,1,[],[],001-478-065-2340x70351,1
42,1,1996-09-19,full,Town visit this because.,Quarry manager,male,0,0,0,['English'],Peter.Klein@gmail.com,Peter Klein,1,['cat'],[],843.864.3927x0595,1
43,1,2001-09-28,full,Own heavy television cup action.,Charity fundraiser,female,0,0,0,['English'],Shawn.Simmons@gmail.com,Shawn Simmons,1,[],[],(770)878-7172,1
44,1,1999-06-12,respite,Thousand for green hear indicate energy then.,Multimedia programmer,male,0,0,0,['English'],Robert.Lewis@gmail.com,Robert Lewis,1,[],[],001-368-161-5646x053,1
45,1,1995-04-17,full,Something the develop main figure ground.,Teaching laboratory technician,male,0,0,0,['English'],Anthony.Archer@gmail.com,Anthony Archer,1,[],[],001-133-153-9073x85284,1
46,1,1995-06-12,full,Exist brother understand boy operation matter.,Best boy,male,0,0,1,['English'],Jesse.Guzman@gmail.com,Jesse Guzman,1,[],['cat'],420-855-8363x134,1
47,1,1999-10-01,full,Memory I hair wall religious.,"Designer, television/film set",female,0,0,1,['English'],Robert.Lara@gmail.com,Robert Lara,2,[],[],(750)778-3448x69999,0
48,1,1997-06-02,respite,Truth region case community organization.,Further education lecturer,female,0,0,0,['English'],Tina.Mckay@gmail.com,Tina Mckay,1,[],['reptile'],(931)659-2141,1
49,0,1997-03-29,full,It majority determine stock miss.,Art gallery manager,female,0,0,0,"['English', 38]",Danielle.Park@gmail.com,Danielle Park,1,[],['cat'],+1-893-227-3984,0
50,1,1999-03-14,full,Agreement national already write card soldier.,Outdoor activities/education manager,male,0,0,0,"['English', 4]",Krista.Lynch@gmail.com,Krista Lynch,1,['bird'],[],(685)027-9027,1
51,1,1995-04-02,full,Forget get feeling since affect.,"Administrator, education",female,0,1,1,['English'],Antonio.Oliver@gmail.com,Antonio Oliver,2,[],[],3371263426,1
52,1,1995-08-14,respite,Science property although big put draw claim.,Art gallery manager,male,0,1,0,['English'],Yolanda.Lee@gmail.com,Yolanda Lee,1,"['bird', 'cat']",[],076.135.7097x102,1
53,1,1998-11-04,full,Marriage car seek wife light.,Accounting technician,male,1,1,0,['English'],Christopher.Molina@gmail.com,Christopher Molina,1,[],[],(274)108-6300,1
54,1,1998-10-02,full,Process his born part.,Comptroller,female,0,0,0,['English'],Katelyn.Gallagher@gmail.com,Katelyn Gallagher,1,[],['cat'],(111)067-9417x3736,0
55,1,1997-05-16,full,Either everything cost western stop.,Jewellery designer,male,1,1,0,['English'],Tristan.Chambers@gmail.com,Tristan Chambers,1,[],['dog'],188.804.6988,1
56,1,1999-03-18,full,Sometimes against away deep.,Retail buyer,male,1,1,1,['English'],Tracey.Church@gmail.com,Tracey Church,2,"['dog', 'bird', 'fish', 'reptile']",[],463.825.5124,1
57,1,1998-08-31,full,Professional marriage lot police adult produce.,Chemical engineer,male,1,0,0,['English'],Deborah.Adams.MD@gmail.com,Deborah Adams MD,2,[],['cat'],001-353-774-9532x4015,1
58,1,1996-07-15,full,Language baby account.,Field trials officer,male,0,1,1,['English'],Philip.Fuller@gmail.com,Philip Fuller,1,[],[],489.202.5685x11738,1
59,1,1999-03-25,full,Up hit may character run dark condition.,Health and safety inspector,male,0,0,1,[23],Nathan.Gonzales@gmail.com,Nathan Gonzales,3,[],['dog'],001-723-615-1661x355,1
60,1,2001-02-03,full,Check single series none sense.,IT trainer,male,1,0,0,"['English', 34]",Mark.Silva@gmail.com,Mark Silva,1,[],[],(944)643-5917,1
61,0,1999-08-28,full,However them office process continue hand.,Cartographer,female,0,0,0,['English'],Erica.Anderson@gmail.com,Erica Anderson,1,"['dog', 'fish']",[],019.303.8729x40463,1
62,1,1998-02-08,full,Put energy for build.,Commissioning editor,female,0,1,0,['English'],Christian.Watson@gmail.com,Christian Watson,1,[],['cat'],254.412.0874x8384,1
63,1,1995-03-07,full,Computer could among nice even.,"Engineer, aeronautical",female,0,0,1,[28],Gary.Huff@gmail.com,Gary Huff,1,"['bird', 'reptile']",[],113-320-8897x173,1
64,1,1998-06-22,full,Cultural spring fund involve think.,Counselling psychologist,female,0,1,1,['English'],Amanda.Hughes@gmail.com,Amanda Hughes,1,"['other', 'fish', 'bird', 'reptile', 'cat']",[],001-320-863-3016x3999,1
65,1,2001-05-21,full,Despite American even network attack base.,Database administrator,male,1,1,1,['English'],Paul.Gregory@gmail.com,Paul Gregory,2,[],['cat'],001-103-659-3015,1
66,1,2000-03-17,full,Analysis population movie court lawyer.,"Horticulturist, amenity",male,0,0,0,[17],Parker.Bailey@gmail.com,Parker Bailey,1,[],['reptile'],+1-344-524-6006x3447,1
67,0,2000-08-06,respite,Beyond important likely.,Advertising copywriter,female,0,1,0,"['English', 15]",Mark.Lane@gmail.com,Mark Lane,1,[],[],001-105-358-2499,1
68,1,2001-01-08,full,Gas follow during those anyone team you.,Health promotion specialist,female,1,0,0,['English'],Levi.Brown@gmail.com,Levi Brown,1,[],[],747-649-4882x3078,1
69,1,1998-06-17,full,Lay protect light six concern his.,Brewing technologist,female,0,0,0,"['English', 35]",Katelyn.Pearson@gmail.com,Katelyn Pearson,2,[],[],085.118.6674x061,1
70,1,1999-06-05,full,Everything relate apply may practice tend board.,Chiropractor,male,0,0,0,['English'],Justin.Smith@gmail.com,Justin Smith,1,[],[],660-113-2278x6145,1
71,1,1997-01-28,full,Language pattern within.,Waste management officer,male,0,0,0,[22],Christopher.Blake@gmail.com,Christopher Blake,2,['bird'],[],0759633492,1
72,1,1997-10-17,full,If rate trial likely social police politics official.,"Engineer, automotive",female,0,0,0,"['English', 36]",Billy.Graves@gmail.com,Billy Graves,5,[],[],+1-651-488-3043,0
73,1,1999-08-02,full,Figure last film major federal something nice.,Veterinary surgeon,male,0,0,1,"['English', 34]",Dr..Anna.Brown@gmail.com,Dr. Anna Brown,1,[],[],(409)908-6913x123,1
74,1,2000-10-07,full,Water our board specific method.,Retail merchandiser,male,1,0,0,['English'],Tiffany.Bailey@gmail.com,Tiffany Bailey,1,"['bird', 'dog']",[],001-492-197-1098x3049,1
75,1,1996-01-09,respite,Analysis personal consumer.,Soil scientist,male,1,0,0,"['English', 28]",Donald.Mays@gmail.com,Donald Mays,1,[],[],(876)733-5730,1
76,1,1999-11-30,full,Million again ahead only action certain structure friend.,International aid/development worker,male,0,0,0,[21],Jason.Rodriguez@gmail.com,Jason Rodriguez,1,"['other', 'cat', 'reptile']",[],001-395-765-5136x76887,1
77,0,1994-02-09,full,Let among affect her opportunity several.,"Scientist, biomedical",female,1,0,1,"['English', 19]",Evelyn.Huang@gmail.com,Evelyn Huang,1,[],[],3674496276,1
78,1,1996-01-03,full,Up require rock.,Theatre stage manager,male,0,0,0,['English'],Jordan.Johnson@gmail.com,Jordan Johnson,1,[],[],+1-449-274-2803x380,1
79,1,1999-02-12,respite,Various stage participant expert.,Holiday representative,female,0,1,0,['English'],Dawn.Lee@gmail.com,Dawn Lee,1,[],['dog'],001-997-720-7870x8224,1
80,1,2001-05-09,full,Number simply believe voice want stay.,Police officer,female,0,0,0,['English'],William.Tate@gmail.com,William Tate,1,"['dog', 'fish']",[],345.004.8661x455,0
81,1,1994-03-11,full,Available run interesting data.,Consulting civil engineer,nonbinary,0,1,0,"['English', 6]",Jason.Ortega@gmail.com,Jason Ortega,1,[],['reptile'],929-492-1193,1
82,1,1996-09-30,full,Majority include alone against detail.,"Designer, graphic",male,0,0,0,['English'],Peter.White@gmail.com,Peter White,1,[],[],+1-586-903-5136x8677,1
83,1,1998-10-28,full,Soldier space either shake step walk run.,Meteorologist,male,0,0,0,"['English', 36]",Natalie.Gomez@gmail.com,Natalie Gomez,2,[],[],493-281-4926,1
84,1,1994-10-23,full,Memory design trouble.,Health promotion specialist,male,1,1,0,['English'],Joseph.Buck@gmail.com,Joseph Buck,1,[],[],+1-026-225-0065,1
85,0,1997-12-10,full,Create able up everyone second adult.,"Administrator, education",female,1,0,0,[18],Elizabeth.Burns@gmail.com,Elizabeth Burns,2,[],['dog'],001-651-659-1088,0
86,0,1997-12-28,full,Difficult during middle issue indicate north put.,Barista,female,0,0,0,['English'],Jeff.Bennett@gmail.com,Jeff Bennett,1,[],[],362-585-5769,1
87,0,1997-05-09,full,Guess much pretty smile condition she program surface.,"Horticulturist, commercial",male,0,0,0,[36],Christopher.Hensley@gmail.com,Christopher Hensley,1,[],['reptile'],(418)401-3298,1
88,1,1996-01-12,full,Rate room start despite stop crime show.,Chiropractor,transgender,1,0,1,[27],Angela.Allen@gmail.com,Angela Allen,1,[],[],001-477-374-2016x43877,1
89,1,1999-09-13,respite,Market college contain party table.,"Doctor, hospital",male,0,0,0,['English'],Robert.Livingston@gmail.com,Robert Livingston,1,[],[],337-384-2784x68285,1
90,1,1997-07-31,full,Find let be seek product PM.,"Horticulturist, amenity",female,0,1,1,[30],Robert.Larson@gmail.com,Robert Larson,1,[],[],455.695.8262x381,1
91,1,1996-10-19,full,Result find decade interest painting business spring system.,Magazine features editor,male,1,0,0,['English'],Rose.Beck@gmail.com,Rose Beck,1,[],['reptile'],001-219-508-9637x399,1
92,0,1999-10-11,full,Chance industry product produce behind.,Advertising copywriter,male,0,0,0,['English'],Kristi.Schwartz@gmail.com,Kristi Schwartz,1,[],[],+1-881-908-4307x870,1
93,1,2001-01-13,full,Little suffer blue middle keep close reality.,Media planner,female,1,0,1,['English'],Nicole.Adkins@gmail.com,Nicole Adkins,1,[],['reptile'],(416)967-3643x3259,1
94,1,1997-07-23,full,Item consumer whether whatever.,Retail manager,female,1,1,0,"['English', 28]",Nicholas.Ortiz@gmail.com,Nicholas Ortiz,1,[],[],192.953.5519x0280,1
95,0,2001-05-24,respite,Kind year improve you see claim.,"Buyer, retail",male,0,0,0,"['English', 32]",Samantha.Turner@gmail.com,Samantha Turner,1,"['dog', 'other']",[],(084)835-1312,1
96,0,1994-03-12,full,Head prevent now perform.,Intelligence analyst,female,0,0,0,"['English', 31]",Jonathan.Love@gmail.com,Jonathan Love,1,[],['dog'],432-428-8030x51865,1
97,1,2001-09-20,respite,Process blue person watch suffer.,Editorial assistant,male,0,0,0,[18],Eric.Owen@gmail.com,Eric Owen,1,[],['cat'],3015018177,1
98,1,1997-06-28,full,Lot marriage lay.,Armed forces logistics/support/administrative officer,female,0,1,0,['English'],Julie.Pena@gmail.com,Julie Pena,1,[],[],+1-207-280-6909x2114,0
99,0,2001-03-27,respite,Purpose it these morning subject.,Textile designer,male,0,0,0,['English'],Megan.Leonard@gmail.com,Megan Leonard,3,['cat'],['cat'],001-079-703-1983,1
100,1,1998-01-04,full,Since cup future whom.,Insurance claims handler,female,0,1,0,"['English', 23]",Joshua.Flores@gmail.com,Joshua Flores,2,[],[],(813)228-7471,1
101,0,1997-12-27,full,Major list alone expect season performance remain.,Theatre manager,male,1,1,0,"['English', 31]",Scott.Chavez@gmail.com,Scott Chavez,1,[],[],481.871.7399x735,1
102,0,1995-10-27,full,Song help fire.,Radio broadcast assistant,male,0,0,0,['English'],Cheyenne.Tate@gmail.com,Cheyenne Tate,1,[],[],(706)972-4116x71955,1
103,1,1997-08-03,full,Range nice service interesting.,Special effects artist,female,0,0,0,"['English', 0]",Mary.Bradley@gmail.com,Mary Bradley,1,[],[],166-436-3804,1
104,1,2001-04-22,full,Mouth network key out end democratic maintain.,Curator,transgender,1,0,0,"['English', 24]",Brandon.Todd@gmail.com,Brandon Todd,1,['cat'],[],001-563-864-2761x36550,1
105,1,1995-10-10,full,Because my such upon field daughter.,"Scientist, research (medical)",male,0,0,1,['English'],Caitlin.Baker@gmail.com,Caitlin Baker,1,[],[],001-699-232-4324x86193,1
106,1,1999-03-23,full,Act stage perhaps old.,"Horticulturist, commercial",male,0,0,0,"['English', 37]",Robert.Morris@gmail.com,Robert Morris,1,[],[],+1-903-020-0999x068,1
107,1,1996-11-12,full,Under edge step leader daughter provide.,Information systems manager,male,0,1,0,"['English', 30]",Michael.Walters@gmail.com,Michael Walters,1,[],"['reptile', 'cat']",+1-283-751-3309x8025,1
108,1,2000-04-16,full,Notice police foreign avoid wear once.,Land/geomatics surveyor,female,0,0,0,"['English', 3]",Peter.Smith@gmail.com,Peter Smith,2,[],[],382-248-2680x352,1
109,1,1998-11-20,respite,Section edge car full all say contain.,Media buyer,male,0,0,1,['English'],Brandon.Baker@gmail.com,Brandon Baker,1,[],[],310-040-5718,1
110,1,1995-03-09,full,Reveal material important personal interview.,"Designer, ceramics/pottery",male,0,0,0,"['English', 8]",Michelle.Robinson@gmail.com,Michelle Robinson,1,[],[],001-340-925-5051x4673,0
111,1,2001-01-03,full,Cause although peace theory why.,Hydrologist,female,0,1,1,[6],Jeremy.Morgan@gmail.com,Jeremy Morgan,1,[],[],384-477-2437x97858,1
112,1,2000-10-04,full,Stage again far conference.,Chiropodist,female,0,0,1,['English'],Andrea.White@gmail.com,Andrea White,1,[],[],429-693-6491,1
113,0,1998-03-21,full,Owner style purpose movie recent consumer sell.,"Librarian, public",female,0,0,0,['English'],Bradley.Vasquez@gmail.com,Bradley Vasquez,1,[],[],+1-041-216-6046x5491,1
114,1,2002-01-03,full,Cell attack ready land story sea.,Records manager,male,0,0,0,"['English', 11]",Craig.Soto@gmail.com,Craig Soto,1,[],['reptile'],483.062.3706x15188,1
115,1,2001-11-20,full,Film ago ever later back whatever realize others.,Occupational hygienist,male,0,1,0,[10],Austin.Downs@gmail.com,Austin Downs,1,"['dog', 'bird']",[],(347)583-3047x33539,1
116,0,1997-04-07,full,Policy purpose need history.,Psychiatrist,female,1,0,0,"['English', 35]",Thomas.Roman@gmail.com,Thomas Roman,2,[],"['cat', 'dog']",(551)042-0983,1
117,1,1999-04-30,respite,Them sound court.,Market researcher,male,0,0,0,"['English', 14]",Robert.Hoover@gmail.com,Robert Hoover,3,"['fish', 'other']",[],177.238.8320,1
118,1,1999-02-24,full,Now item store lose investment require campaign someone.,"Development worker, community",female,1,0,1,"['English', 28]",Juan.Anderson@gmail.com,Juan Anderson,3,['reptile'],[],0030458235,1
119,1,1999-02-15,respite,Media approach gas foreign.,Radio producer,nonbinary,0,0,1,['English'],Steven.Bruce@gmail.com,Steven Bruce,1,[],[],(805)779-1199x8413,1
120,1,1996-03-22,full,Woman table bed night.,"Production assistant, radio",female,0,0,0,[21],Melissa.Medina@gmail.com,Melissa Medina,1,[],[],783.160.3164x62072,1
121,1,2001-08-30,full,Ask size across central now take heart.,"Sound technician, broadcasting/film/video",male,0,0,0,"['English', 38]",Samantha.Nichols@gmail.com,Samantha Nichols,1,['reptile'],[],+1-570-454-0836,1
122,1,1994-06-16,full,Live create cut us say high guess.,"Editor, commissioning",male,0,0,0,['English'],Melanie.Lopez@gmail.com,Melanie Lopez,1,"['bird', 'dog', 'cat']",[],3047416278,1
123,1,1998-02-01,full,Head choose recent dark.,Biomedical scientist,female,0,0,0,['English'],Marc.Vance@gmail.com,Marc Vance,1,"['other', 'reptile']",[],415.485.6638,1
124,1,1996-01-16,full,Perhaps really interesting station final.,Retail manager,male,0,0,0,"['English', 25]",Kristopher.Nguyen@gmail.com,Kristopher Nguyen,1,[],[],001-119-321-7378x2602,1
125,1,1999-06-17,full,Shoulder fight environment couple stuff save trouble.,Geoscientist,male,0,0,0,['English'],Timothy.Ellison@gmail.com,Timothy Ellison,1,[],[],6751207704,1
126,1,1994-05-01,full,Grow standard international market detail.,"Administrator, education",male,0,1,0,"['English', 37]",Michele.Berry@gmail.com,Michele Berry,1,[],[],4326281078,0
127,1,1997-05-09,respite,Candidate value break see respond place.,Chiropractor,male,1,0,0,['English'],James.Baker@gmail.com,James Baker,4,[],[],216.892.8952x8905,1
128,0,1995-07-16,full,Maybe report across writer glass glass action.,Publishing rights manager,female,0,0,0,"['English', 12]",Samuel.Clarke@gmail.com,Samuel Clarke,1,"['cat', 'fish', 'dog', 'reptile']",[],(631)716-2050x61099,0
129,1,1998-07-29,full,Record food you school impact while maybe.,Data processing manager,male,1,0,0,"['English', 7]",Anthony.Smith@gmail.com,Anthony Smith,2,[],['cat'],001-823-644-6401x17786,1
130,1,1999-03-31,full,Everything form dog goal practice shake window.,Publishing copy,male,0,0,0,[37],Traci.Price@gmail.com,Traci Price,1,[],['reptile'],902.455.2276x300,1
131,1,2001-04-22,full,Since nature much form age morning.,Medical physicist,male,1,0,1,['English'],Justin.Griffith@gmail.com,Justin Griffith,1,[],['reptile'],(806)142-3524,1
132,1,1996-12-09,full,Least already shake could stay consider factor.,"Accountant, chartered management",female,0,0,0,[36],Jonathan.Gray@gmail.com,Jonathan Gray,1,[],[],0801308384,1
133,1,1998-10-14,full,Might heavy make.,Tourist information centre manager,male,0,0,0,['English'],Micheal.Richards@gmail.com,Micheal Richards,1,[],[],+1-932-413-6162x404,1
134,1,1996-04-12,respite,Here author technology appear director on.,"Surveyor, quantity",female,0,0,0,['English'],Jennifer.Morris@gmail.com,Jennifer Morris,1,[],[],9544588486,1
135,1,2001-06-23,full,Sometimes future decade.,"Engineer, building services",female,0,0,0,['English'],Daniel.Gross@gmail.com,Daniel Gross,2,"['other', 'dog', 'bird']",['dog'],310-756-9010,1
136,0,1999-08-23,full,Suffer more perform day and clear.,Ambulance person,female,1,1,0,"['English', 14]",Danielle.Hanson@gmail.com,Danielle Hanson,1,['dog'],[],676-048-3984,1
137,1,2000-09-12,full,Without large time.,Industrial/product designer,male,0,0,0,[29],Amanda.Ashley@gmail.com,Amanda Ashley,1,[],['dog'],(776)709-5513x33315,1
138,1,1997-09-17,respite,Apply also begin say land look suddenly.,"Designer, interior/spatial",male,1,0,0,['English'],Kristopher.Green@gmail.com,Kristopher Green,2,[],[],(282)713-6844x3057,0
139,1,2001-02-10,full,Sister show behavior region by town statement its.,"Designer, graphic",male,0,1,0,"['English', 19]",Richard.Taylor@gmail.com,Richard Taylor,2,[],[],+1-141-309-3171x67499,0
140,1,2000-09-02,respite,There ten recognize into others meeting second.,International aid/development worker,female,0,0,0,"['English', 34]",Mary.Wood@gmail.com,Mary Wood,3,[],[],(798)165-8187,1
141,1,1997-01-13,full,Mention lead present magazine office everyone sea.,Personal assistant,male,1,1,0,['English'],Brian.Downs@gmail.com,Brian Downs,1,[],[],(022)115-3325x939,1
142,0,2001-07-27,full,Whatever hard tough record various.,Mining engineer,male,0,1,1,"['English', 19]",Brittany.Massey@gmail.com,Brittany Massey,1,[],[],819-740-1238x2967,1
143,1,2000-03-17,full,Explain recognize opportunity over inside tonight.,"Engineer, aeronautical",male,0,0,0,"['English', 3]",Victoria.Brown@gmail.com,Victoria Brown,1,['dog'],['reptile'],292-244-1177x7364,1
144,1,1998-05-31,full,Worry beautiful fire nature very he.,"Scientist, research (life sciences)",male,0,0,1,['English'],Alyssa.Estrada@gmail.com,Alyssa Estrada,1,[],[],+1-182-040-2563x791,1
145,1,1996-08-14,full,Rock industry final civil artist design.,Purchasing manager,female,1,0,0,"['English', 0]",John.Woods@gmail.com,John Woods,1,"['dog', 'cat']",[],+1-529-079-8493x0850,1
146,1,1997-10-30,full,Clear responsibility myself attention bank allow town partner.,Consulting civil engineer,female,0,0,0,"['English', 22]",Mr..Keith.Elliott.Jr.@gmail.com,Mr. Keith Elliott Jr.,2,[],['cat'],(699)350-6137,1
147,1,1995-10-21,full,Somebody federal rock heavy rate.,Photographer,male,1,0,0,"['English', 25]",Douglas.Le@gmail.com,Douglas Le,1,['bird'],[],623-833-3285x52262,1
148,1,1994-06-03,full,Yes movie whole explain current everyone window.,Facilities manager,female,0,0,0,['English'],Nathaniel.Evans@gmail.com,Nathaniel Evans,1,[],[],001-276-982-2155,1
149,1,1999-12-10,respite,Rise he agree dinner interest future city.,Mental health nurse,female,1,0,1,['English'],Stephen.Taylor@gmail.com,Stephen Taylor,1,[],[],(116)394-4364,1
150,1,1997-09-13,respite,Range work common.,"Engineer, aeronautical",female,0,0,1,"['English', 21]",Cathy.Morales@gmail.com,Cathy Morales,1,[],"['reptile', 'dog']",(692)284-6297x76133,1
151,1,1994-12-23,full,Speak main hold street information hundred.,Glass blower/designer,male,0,0,1,['English'],Madison.Richardson@gmail.com,Madison Richardson,1,[],[],814-604-9535x4876,1
152,0,1995-06-15,full,Politics pull discussion window both either.,Tax adviser,female,0,0,0,['English'],Edward.Mills@gmail.com,Edward Mills,1,"['fish', 'other', 'reptile']",[],001-703-894-7194,1
153,1,2001-01-14,full,Street board will.,"Therapist, occupational",male,1,0,0,['English'],Philip.George@gmail.com,Philip George,1,[],[],(131)302-6195x831,1
154,1,1996-12-11,full,Chair during agreement.,International aid/development worker,male,0,0,1,[28],Pamela.Smith@gmail.com,Pamela Smith,1,[],[],(941)289-2093,1
155,1,2001-01-12,full,Item follow writer conference difficult ready morning.,"Investment banker, operational",female,0,0,0,['English'],Christine.Webb@gmail.com,Christine Webb,1,[],[],222.830.3571x837,1
156,1,1994-09-11,full,Truth simply tell film pass tend.,Archaeologist,male,1,1,0,['English'],Gregg.Rhodes@gmail.com,Gregg Rhodes,1,[],[],+1-992-129-3594x9731,1
157,1,1999-03-02,full,In kind sell Republican town.,Art therapist,female,0,1,0,"['English', 7]",Adam.Crawford@gmail.com,Adam Crawford,2,[],[],8015780616,1
158,1,1998-12-03,full,Newspaper alone whatever control.,Cytogeneticist,male,0,0,0,[30],Jeffrey.Jackson@gmail.com,Jeffrey Jackson,1,[],[],+1-910-468-8547x36803,1
159,1,1999-04-24,respite,Civil religious family its word oil.,"Doctor, general practice",male,1,0,0,"['English', 4]",Kelly.Taylor@gmail.com,Kelly Taylor,2,[],[],298.637.9268,1
160,1,1999-01-24,full,Form financial clear draw officer color mission evening.,Osteopath,female,0,0,0,['English'],Derek.Foster@gmail.com,Derek Foster,3,[],[],(098)652-9898x251,1
161,1,1998-04-09,full,Brother over test positive message check.,Systems developer,male,0,0,0,"['English', 0]",Aaron.Stevens@gmail.com,Aaron Stevens,1,[],"['dog', 'cat']",001-879-679-8845x1685,1
162,1,1999-10-08,full,Section medical citizen example senior father heart.,Fitness centre manager,male,0,1,0,"['English', 29]",Patricia.Garcia@gmail.com,Patricia Garcia,1,[],[],564-832-0336x45386,1
163,1,2001-01-25,respite,Real walk participant night data.,Rural practice surveyor,male,0,1,0,"['English', 5]",Kathy.Pittman@gmail.com,Kathy Pittman,1,[],[],001-343-504-8184x33173,1
164,1,1995-08-01,full,Sing not little use woman water audience.,Electronics engineer,female,0,0,0,['English'],Jason.Hamilton@gmail.com,Jason Hamilton,1,[],[],817.139.9566,1
165,1,2000-05-10,full,Because than month cost floor remember kid song.,"Therapist, music",male,1,1,1,"['English', 4]",Donald.Colon@gmail.com,Donald Colon,1,[],[],1679779109,1
166,1,1997-08-19,full,Again it list list choice future.,Banker,female,0,0,0,"['English', 24]",Deborah.Harper@gmail.com,Deborah Harper,2,['reptile'],[],686.953.8345,1
167,1,1999-09-23,respite,Name mention success peace who race agreement.,Biomedical engineer,female,0,0,1,"['English', 11]",Nicole.Matthews@gmail.com,Nicole Matthews,1,['dog'],[],001-530-253-9829x7298,0
168,1,2000-08-10,full,Lawyer marriage must direction issue develop.,Magazine journalist,nonbinary,0,0,1,"['English', 0]",Melissa.Garza@gmail.com,Melissa Garza,1,[],[],320-875-8287x43837,1
169,0,1996-06-20,full,Language court person add oil suddenly.,"Designer, exhibition/display",male,0,0,1,"['English', 24]",Jose.Roberts@gmail.com,Jose Roberts,1,[],['reptile'],+1-704-879-2173x66561,1
170,0,1998-05-04,respite,Avoid plant country baby.,"Engineer, building services",male,1,0,1,[33],Eric.Cox@gmail.com,Eric Cox,1,[],[],001-461-356-3677,1
171,0,2000-10-14,full,Important new story task worker tell.,Higher education lecturer,female,1,0,0,"['English', 36]",Jeanette.Cowan@gmail.com,Jeanette Cowan,1,[],[],721-009-1592x9548,1
172,1,1994-03-23,full,With film address above design impact.,Technical brewer,nonbinary,0,0,0,"['English', 10]",Katherine.Monroe@gmail.com,Katherine Monroe,1,[],[],+1-649-169-1082x0987,1
173,1,1999-04-02,full,Run speak early notice management each even.,Retail banker,male,0,0,0,[7],Tyler.Martinez@gmail.com,Tyler Martinez,1,[],[],+1-917-767-4304,1
174,1,1996-09-24,full,Learn must knowledge four whatever special affect similar.,"Physicist, medical",male,0,0,0,[32],Mark.Wright@gmail.com,Mark Wright,1,[],[],001-548-988-9047x71132,1
175,1,2001-08-06,full,Arrive trouble which receive safe prepare.,Firefighter,female,0,1,0,"['English', 9, 25]",Brooke.Jordan@gmail.com,Brooke Jordan,1,[],[],001-903-916-2580x4802,1
176,0,2001-07-29,full,Star company level economic south hotel.,"Biochemist, clinical",female,0,0,0,['English'],Stephanie.Jordan@gmail.com,Stephanie Jordan,1,[],[],974-215-1943x8745,0
177,1,1996-03-20,full,Production must risk option claim.,"Accountant, chartered",female,0,0,0,"['English', 23]",Matthew.Kline@gmail.com,Matthew Kline,3,[],[],+1-787-206-0640,0
178,0,2000-02-23,respite,Her summer sell about man reflect.,Water engineer,transgender,0,1,0,['English'],Katelyn.Campos@gmail.com,Katelyn Campos,1,"['cat', 'bird', 'dog']",['dog'],618.920.4626x9546,1
179,1,1997-09-22,full,Time everybody writer nor brother issue environmental hold.,Data processing manager,male,1,0,0,['English'],Shawna.Newton@gmail.com,Shawna Newton,1,[],[],685-736-7711,1
180,0,1996-06-02,full,Particularly strong media represent.,Chief Executive Officer,female,0,0,0,['English'],Julian.Jackson@gmail.com,Julian Jackson,1,['cat'],[],128.295.3217,1
181,0,2001-01-01,full,Anyone probably country employee property society.,Illustrator,male,0,1,0,[27],Kaitlyn.Wilson@gmail.com,Kaitlyn Wilson,1,[],[],001-254-946-1697x21611,1
182,0,1997-02-16,full,Decade always check notice pressure.,Housing manager/officer,male,0,0,1,"['English', 20]",Stephen.Ross@gmail.com,Stephen Ross,1,"['bird', 'other', 'dog', 'reptile']",[],395-098-7488,0
183,1,1996-09-05,full,Force nearly wish dream network about some.,Claims inspector/assessor,male,1,0,1,['English'],Kristine.Cline@gmail.com,Kristine Cline,1,[],[],(491)698-1070,1
184,1,1994-05-09,respite,Manager forward idea election ten.,Geochemist,male,0,1,0,['English'],Robert.Garcia@gmail.com,Robert Garcia,1,[],[],(783)868-4062,0
185,0,1997-08-27,full,Resource remain fear.,Software engineer,male,0,0,0,['English'],Denise.Hester@gmail.com,Denise Hester,1,[],[],429-877-0294x2843,1
186,1,1996-06-01,respite,None this of else yard.,"Psychologist, occupational",female,0,0,1,[19],Heather.Hartman@gmail.com,Heather Hartman,1,[],[],945-570-7405x33651,1
187,1,1996-11-26,full,Follow close street police watch job speak forward.,"Pilot, airline",female,0,0,0,['English'],Donna.Williams@gmail.com,Donna Williams,2,['fish'],[],001-219-137-5396,1
188,1,1999-08-06,full,Green interest event return.,Private music teacher,male,0,0,0,[11],Anthony.Ayala@gmail.com,Anthony Ayala,1,"['cat', 'bird']",[],(439)318-1339,1
189,1,1997-05-09,full,Account hour catch tonight need couple low.,Health promotion specialist,male,0,0,0,['English'],Adam.Price@gmail.com,Adam Price,1,[],[],+1-350-341-2057x5130,1
190,1,1996-02-03,full,East garden fire detail keep letter.,"Engineer, civil (contracting)",female,1,0,0,['English'],Luis.Scott@gmail.com,Luis Scott,1,[],['dog'],129.981.9102x056,1
191,1,2000-07-21,full,Offer window American ball.,Technical sales engineer,male,0,0,1,['English'],Jessica.Hernandez@gmail.com,Jessica Hernandez,2,[],[],(578)957-5510,0
192,1,1997-10-09,full,No wait might company say investment.,Lexicographer,female,0,0,0,"['English', 15]",Jacob.Roy@gmail.com,Jacob Roy,1,[],['reptile'],892.268.5242x719,0
193,1,1998-03-22,full,Sign family share land big democratic pick.,"Engineer, agricultural",female,0,0,0,"['English', 35]",Troy.Conrad@gmail.com,Troy Conrad,1,"['fish', 'bird', 'other']","['dog', 'cat']",001-403-385-4469x23109,1
194,0,2000-01-17,full,North American south those.,Medical physicist,male,0,0,0,[19],Arthur.Scott@gmail.com,Arthur Scott,1,[],[],015-454-3642,1
195,1,1997-05-31,respite,Grow significant end.,Learning disability nurse,female,1,0,1,"['English', 0]",Thomas.Wright@gmail.com,Thomas Wright,2,"['bird', 'other']",[],483-673-2423x786,1
196,1,2000-10-26,full,Send will book director also great rule police.,Systems analyst,male,1,0,0,"['English', 10]",Scott.Jones@gmail.com,Scott Jones,1,[],[],123.728.8744x301,0
197,1,1997-05-06,respite,Campaign try between son discussion her Democrat sure.,Print production planner,female,0,1,0,"['English', 4]",Brianna.Hunter@gmail.com,Brianna Hunter,1,[],['dog'],4238207391,1
198,1,1998-06-12,full,Here pick share ground himself.,Commercial/residential surveyor,female,0,1,1,['English'],Brandon.Lee@gmail.com,Brandon Lee,1,['bird'],[],001-007-667-4102x560,1
199,0,1994-01-21,full,Find interest remain.,"Engineer, mining",male,0,0,0,['English'],Angela.Carter@gmail.com,Angela Carter,2,[],[],418-861-1346x083,1
